dataset	n_runs	fd_median	tsnr_median
floc	38	0.1114782825242707	32.33428479952272
friends	1898	0.13974692917892567	31.19795036315918
gamepad	34	0.131772651936208	31.355500634759665
harrypotter	35	0.1565761153107668	25.755009713815525
hcptrt	658	0.1181911533684876	33.011227110400796
langlocalizer	48	0.13189133730320518	27.06296970130643
mario3	337	0.206312282353285	23.307261471636597
mariostars	182	0.177432730582022	24.469599506119266
movie10	366	0.11657446454354015	32.845489501953125
multfs	322	0.152569419275625	30.282584834028967
mutemusic	91	0.1479185935279591	24.828787387581546
narratives	325	0.1655317226799241	26.83279014239088
ood	48	0.1302761055472872	28.092631537816487
petit-prince	88	0.1465621284388942	27.602360819815658
retinotopy	67	0.1495729549302949	28.53674984746613
shinobi	210	0.17944741583776713	22.313962556538172
things	834	0.15493439068847809	30.75675541552482
triplets	324	0.15172416184529294	29.829996401211247
