statistic	value
n_runs	5905.0
n_datasets	18.0
n_subjects	6.0
n_sessions	1205.0
fd_median	0.1439685746694357
fd_mean	0.14492728991939902
fd_sd	0.057751018518874896
fd_min	0.0454860541681265
fd_max	0.480260860732524
n_runs_fd_gt02	866.0
n_runs_fd_gt05	0.0
prop_runs_fd_gt02	0.1466553767993226
n_runs_with_fd_timeseries	3641.0
vol_prop_gt02_median	0.2144522144522144
vol_prop_gt05_median	0.0054644808743169
vol_prop_gt02_mean	0.2312546324732768
vol_prop_gt05_mean	0.021119129350068527
tsnr_median	30.19205474853516
tsnr_mean	29.872515881868466
tsnr_sd	4.9850987085830445
tsnr_min	11.458300064783543
tsnr_max	42.41769409179688
fd_tsnr_pearson	-0.7407102375123361
fd_tsnr_spearman	-0.7350665587138903
