group	tsnr_mean	n_parcels	dataset	subject	session	task	run
cerebellum	27.41727588422872	88	gamepad	01	001	gamepad	1
cortex_Cont	40.06119261539536	128	gamepad	01	001	gamepad	1
cortex_Default	37.54296580457483	209	gamepad	01	001	gamepad	1
cortex_DorsAttn	43.47514183830552	122	gamepad	01	001	gamepad	1
cortex_Limbic	16.984736500660237	60	gamepad	01	001	gamepad	1
cortex_SalVentAttn	42.24438396089287	121	gamepad	01	001	gamepad	1
cortex_SomMot	42.53920868904371	194	gamepad	01	001	gamepad	1
cortex_Vis	35.80228930166259	162	gamepad	01	001	gamepad	1
subcortex_CAU	27.902118206262305	8	gamepad	01	001	gamepad	1
subcortex_PUT	28.690916777927214	8	gamepad	01	001	gamepad	1
subcortex_THA	26.50712370755746	14	gamepad	01	001	gamepad	1
cerebellum	33.10263895506437	88	gamepad	01	001	gamepad	2
cortex_Cont	43.280229125807	128	gamepad	01	001	gamepad	2
cortex_Default	39.922675004816575	209	gamepad	01	001	gamepad	2
cortex_DorsAttn	48.53040404160622	122	gamepad	01	001	gamepad	2
cortex_Limbic	17.279234213022505	60	gamepad	01	001	gamepad	2
cortex_SalVentAttn	44.00602598006087	121	gamepad	01	001	gamepad	2
cortex_SomMot	45.29460496736454	194	gamepad	01	001	gamepad	2
cortex_Vis	39.53207815080952	162	gamepad	01	001	gamepad	2
subcortex_CAU	26.823697563124256	8	gamepad	01	001	gamepad	2
subcortex_PUT	27.38825842338884	8	gamepad	01	001	gamepad	2
subcortex_THA	26.739326631663225	14	gamepad	01	001	gamepad	2
cerebellum	34.47107972761835	88	gamepad	01	004	gamepad	1
cortex_Cont	47.81284123681766	128	gamepad	01	004	gamepad	1
cortex_Default	44.9676461904519	209	gamepad	01	004	gamepad	1
cortex_DorsAttn	52.69532641153643	122	gamepad	01	004	gamepad	1
cortex_Limbic	19.132859751102906	60	gamepad	01	004	gamepad	1
cortex_SalVentAttn	48.38286049341282	121	gamepad	01	004	gamepad	1
cortex_SomMot	50.88650742939602	194	gamepad	01	004	gamepad	1
cortex_Vis	43.9724734733827	162	gamepad	01	004	gamepad	1
subcortex_CAU	28.233881955670665	8	gamepad	01	004	gamepad	1
subcortex_PUT	28.046000592544836	8	gamepad	01	004	gamepad	1
subcortex_THA	27.786048250589936	14	gamepad	01	004	gamepad	1
cerebellum	31.433460141659836	88	gamepad	01	004	gamepad	2
cortex_Cont	45.78725081992207	128	gamepad	01	004	gamepad	2
cortex_Default	43.08214352363416	209	gamepad	01	004	gamepad	2
cortex_DorsAttn	49.78907355167586	122	gamepad	01	004	gamepad	2
cortex_Limbic	18.089619641093172	60	gamepad	01	004	gamepad	2
cortex_SalVentAttn	46.3152277131457	121	gamepad	01	004	gamepad	2
cortex_SomMot	48.156888504801735	194	gamepad	01	004	gamepad	2
cortex_Vis	44.15405567272953	162	gamepad	01	004	gamepad	2
subcortex_CAU	27.388765506213705	8	gamepad	01	004	gamepad	2
subcortex_PUT	28.891103429337367	8	gamepad	01	004	gamepad	2
subcortex_THA	27.75493745552011	14	gamepad	01	004	gamepad	2
cerebellum	28.63215319767793	88	gamepad	01	006	gamepad	1
cortex_Cont	36.775435667546965	128	gamepad	01	006	gamepad	1
cortex_Default	35.24361716133915	209	gamepad	01	006	gamepad	1
cortex_DorsAttn	40.32232602539632	122	gamepad	01	006	gamepad	1
cortex_Limbic	15.811404893147294	60	gamepad	01	006	gamepad	1
cortex_SalVentAttn	40.601176987062885	121	gamepad	01	006	gamepad	1
cortex_SomMot	39.46395432837412	194	gamepad	01	006	gamepad	1
cortex_Vis	35.184658112548796	162	gamepad	01	006	gamepad	1
subcortex_CAU	25.160771645351957	8	gamepad	01	006	gamepad	1
subcortex_PUT	26.438869774988056	8	gamepad	01	006	gamepad	1
subcortex_THA	25.852999453647822	14	gamepad	01	006	gamepad	1
cerebellum	27.330342265062942	88	gamepad	01	006	gamepad	2
cortex_Cont	35.32458484685387	128	gamepad	01	006	gamepad	2
cortex_Default	34.08722676390132	209	gamepad	01	006	gamepad	2
cortex_DorsAttn	39.623646583606416	122	gamepad	01	006	gamepad	2
cortex_Limbic	14.603593203494961	60	gamepad	01	006	gamepad	2
cortex_SalVentAttn	39.01728222362609	121	gamepad	01	006	gamepad	2
cortex_SomMot	38.8035450836267	194	gamepad	01	006	gamepad	2
cortex_Vis	34.70737948346453	162	gamepad	01	006	gamepad	2
subcortex_CAU	24.04332649463691	8	gamepad	01	006	gamepad	2
subcortex_PUT	25.588281934545723	8	gamepad	01	006	gamepad	2
subcortex_THA	25.393166463870024	14	gamepad	01	006	gamepad	2
cerebellum	32.68993906347731	88	gamepad	01	007	gamepad	1
cortex_Cont	44.7177465081278	128	gamepad	01	007	gamepad	1
cortex_Default	42.21757986953846	209	gamepad	01	007	gamepad	1
cortex_DorsAttn	49.81547698384214	122	gamepad	01	007	gamepad	1
cortex_Limbic	18.99844787056292	60	gamepad	01	007	gamepad	1
cortex_SalVentAttn	46.146106380583326	121	gamepad	01	007	gamepad	1
cortex_SomMot	47.730623119839386	194	gamepad	01	007	gamepad	1
cortex_Vis	40.45955337784829	162	gamepad	01	007	gamepad	1
subcortex_CAU	27.051381652539416	8	gamepad	01	007	gamepad	1
subcortex_PUT	27.888558711901496	8	gamepad	01	007	gamepad	1
subcortex_THA	27.448275296228108	14	gamepad	01	007	gamepad	1
cerebellum	30.64964915496224	88	gamepad	01	007	gamepad	2
cortex_Cont	41.48836754806897	128	gamepad	01	007	gamepad	2
cortex_Default	38.997784443600096	209	gamepad	01	007	gamepad	2
cortex_DorsAttn	46.08924373130682	122	gamepad	01	007	gamepad	2
cortex_Limbic	17.841561301882148	60	gamepad	01	007	gamepad	2
cortex_SalVentAttn	44.000523900571366	121	gamepad	01	007	gamepad	2
cortex_SomMot	44.94337272399582	194	gamepad	01	007	gamepad	2
cortex_Vis	37.04877573433877	162	gamepad	01	007	gamepad	2
subcortex_CAU	26.124947736845005	8	gamepad	01	007	gamepad	2
subcortex_PUT	28.316844711544817	8	gamepad	01	007	gamepad	2
subcortex_THA	27.0781190005633	14	gamepad	01	007	gamepad	2
cerebellum	31.18526885360993	88	gamepad	01	009	gamepad	1
cortex_Cont	43.6196242880739	128	gamepad	01	009	gamepad	1
cortex_Default	40.27787831782456	209	gamepad	01	009	gamepad	1
cortex_DorsAttn	47.566901435728106	122	gamepad	01	009	gamepad	1
cortex_Limbic	17.55685602350409	60	gamepad	01	009	gamepad	1
cortex_SalVentAttn	42.95869056557945	121	gamepad	01	009	gamepad	1
cortex_SomMot	43.55800370455441	194	gamepad	01	009	gamepad	1
cortex_Vis	40.4302870587822	162	gamepad	01	009	gamepad	1
subcortex_CAU	25.428339229709593	8	gamepad	01	009	gamepad	1
subcortex_PUT	26.70032622020969	8	gamepad	01	009	gamepad	1
subcortex_THA	26.598108264570204	14	gamepad	01	009	gamepad	1
cerebellum	25.699911654544056	88	gamepad	01	009	gamepad	2
cortex_Cont	36.98229649404235	128	gamepad	01	009	gamepad	2
cortex_Default	34.60441348805002	209	gamepad	01	009	gamepad	2
cortex_DorsAttn	41.43006764835318	122	gamepad	01	009	gamepad	2
cortex_Limbic	14.788566543753044	60	gamepad	01	009	gamepad	2
cortex_SalVentAttn	38.08739768291443	121	gamepad	01	009	gamepad	2
cortex_SomMot	37.475161129745736	194	gamepad	01	009	gamepad	2
cortex_Vis	34.179143392414005	162	gamepad	01	009	gamepad	2
subcortex_CAU	23.449857857625897	8	gamepad	01	009	gamepad	2
subcortex_PUT	24.586088872023662	8	gamepad	01	009	gamepad	2
subcortex_THA	25.08811971784534	14	gamepad	01	009	gamepad	2
cerebellum	27.155360430542224	88	gamepad	02	002	gamepad	1
cortex_Cont	37.88415836320287	128	gamepad	02	002	gamepad	1
cortex_Default	35.443771428435795	209	gamepad	02	002	gamepad	1
cortex_DorsAttn	39.03638112999538	122	gamepad	02	002	gamepad	1
cortex_Limbic	17.611012672000903	60	gamepad	02	002	gamepad	1
cortex_SalVentAttn	37.97604565022228	121	gamepad	02	002	gamepad	1
cortex_SomMot	37.15829701075683	194	gamepad	02	002	gamepad	1
cortex_Vis	33.21402937121583	162	gamepad	02	002	gamepad	1
subcortex_CAU	31.545825795839875	8	gamepad	02	002	gamepad	1
subcortex_PUT	30.05729226427931	8	gamepad	02	002	gamepad	1
subcortex_THA	25.195782541671147	14	gamepad	02	002	gamepad	1
cerebellum	25.50056731393241	88	gamepad	02	002	gamepad	2
cortex_Cont	39.61913887492967	128	gamepad	02	002	gamepad	2
cortex_Default	36.96305721867444	209	gamepad	02	002	gamepad	2
cortex_DorsAttn	44.30371613215311	122	gamepad	02	002	gamepad	2
cortex_Limbic	16.564667506196702	60	gamepad	02	002	gamepad	2
cortex_SalVentAttn	38.784413599574805	121	gamepad	02	002	gamepad	2
cortex_SomMot	40.5193977863576	194	gamepad	02	002	gamepad	2
cortex_Vis	36.71932423503018	162	gamepad	02	002	gamepad	2
subcortex_CAU	32.545431663196815	8	gamepad	02	002	gamepad	2
subcortex_PUT	30.2023637607332	8	gamepad	02	002	gamepad	2
subcortex_THA	25.506795197453506	14	gamepad	02	002	gamepad	2
cerebellum	29.823666506793646	88	gamepad	02	003	gamepad	1
cortex_Cont	46.1899548957434	128	gamepad	02	003	gamepad	1
cortex_Default	41.10797146468821	209	gamepad	02	003	gamepad	1
cortex_DorsAttn	50.15728549677501	122	gamepad	02	003	gamepad	1
cortex_Limbic	21.25833831090046	60	gamepad	02	003	gamepad	1
cortex_SalVentAttn	44.381733862560345	121	gamepad	02	003	gamepad	1
cortex_SomMot	46.7073004327624	194	gamepad	02	003	gamepad	1
cortex_Vis	38.00363998197118	162	gamepad	02	003	gamepad	1
subcortex_CAU	32.259046379058695	8	gamepad	02	003	gamepad	1
subcortex_PUT	31.15059400353821	8	gamepad	02	003	gamepad	1
subcortex_THA	23.547240782850235	14	gamepad	02	003	gamepad	1
cerebellum	30.013960131934063	88	gamepad	02	003	gamepad	2
cortex_Cont	45.36037529049137	128	gamepad	02	003	gamepad	2
cortex_Default	40.40793651605806	209	gamepad	02	003	gamepad	2
cortex_DorsAttn	48.57832496816202	122	gamepad	02	003	gamepad	2
cortex_Limbic	19.124241905349926	60	gamepad	02	003	gamepad	2
cortex_SalVentAttn	42.63456485003457	121	gamepad	02	003	gamepad	2
cortex_SomMot	43.61584888689407	194	gamepad	02	003	gamepad	2
cortex_Vis	37.36931212679611	162	gamepad	02	003	gamepad	2
subcortex_CAU	32.112451339809795	8	gamepad	02	003	gamepad	2
subcortex_PUT	30.80175962190904	8	gamepad	02	003	gamepad	2
subcortex_THA	23.210407930842543	14	gamepad	02	003	gamepad	2
cerebellum	31.88010849540177	88	gamepad	02	005	gamepad	1
cortex_Cont	49.33593963278398	128	gamepad	02	005	gamepad	1
cortex_Default	44.81972607241473	209	gamepad	02	005	gamepad	1
cortex_DorsAttn	54.69957304133606	122	gamepad	02	005	gamepad	1
cortex_Limbic	20.96686867735578	60	gamepad	02	005	gamepad	1
cortex_SalVentAttn	46.18012290162257	121	gamepad	02	005	gamepad	1
cortex_SomMot	49.147580215248624	194	gamepad	02	005	gamepad	1
cortex_Vis	40.569200489965624	162	gamepad	02	005	gamepad	1
subcortex_CAU	32.422235309889686	8	gamepad	02	005	gamepad	1
subcortex_PUT	31.383327660792478	8	gamepad	02	005	gamepad	1
subcortex_THA	28.02407659609161	14	gamepad	02	005	gamepad	1
cerebellum	30.22351407138957	88	gamepad	02	005	gamepad	2
cortex_Cont	47.84909600274167	128	gamepad	02	005	gamepad	2
cortex_Default	42.792832074351	209	gamepad	02	005	gamepad	2
cortex_DorsAttn	51.47479623396455	122	gamepad	02	005	gamepad	2
cortex_Limbic	22.69152690927041	60	gamepad	02	005	gamepad	2
cortex_SalVentAttn	44.492416519772455	121	gamepad	02	005	gamepad	2
cortex_SomMot	46.73138396193211	194	gamepad	02	005	gamepad	2
cortex_Vis	37.285766360765805	162	gamepad	02	005	gamepad	2
subcortex_CAU	30.9968212619313	8	gamepad	02	005	gamepad	2
subcortex_PUT	29.163856200192956	8	gamepad	02	005	gamepad	2
subcortex_THA	26.524229547344536	14	gamepad	02	005	gamepad	2
cerebellum	29.58884986105461	88	gamepad	02	008	gamepad	1
cortex_Cont	45.07378751886378	128	gamepad	02	008	gamepad	1
cortex_Default	39.91953208926451	209	gamepad	02	008	gamepad	1
cortex_DorsAttn	45.71343150176622	122	gamepad	02	008	gamepad	1
cortex_Limbic	19.94903349860585	60	gamepad	02	008	gamepad	1
cortex_SalVentAttn	42.33291033159521	121	gamepad	02	008	gamepad	1
cortex_SomMot	43.35626041589076	194	gamepad	02	008	gamepad	1
cortex_Vis	36.109830056279876	162	gamepad	02	008	gamepad	1
subcortex_CAU	32.418283977808464	8	gamepad	02	008	gamepad	1
subcortex_PUT	30.83596352603953	8	gamepad	02	008	gamepad	1
subcortex_THA	25.223899054850943	14	gamepad	02	008	gamepad	1
cerebellum	31.56827094691496	88	gamepad	02	008	gamepad	2
cortex_Cont	48.62016689285531	128	gamepad	02	008	gamepad	2
cortex_Default	43.241256313289156	209	gamepad	02	008	gamepad	2
cortex_DorsAttn	52.55019373002383	122	gamepad	02	008	gamepad	2
cortex_Limbic	18.882150709393624	60	gamepad	02	008	gamepad	2
cortex_SalVentAttn	44.96415548395716	121	gamepad	02	008	gamepad	2
cortex_SomMot	47.0300103941869	194	gamepad	02	008	gamepad	2
cortex_Vis	38.51260409590685	162	gamepad	02	008	gamepad	2
subcortex_CAU	34.376754383882854	8	gamepad	02	008	gamepad	2
subcortex_PUT	30.96885419811771	8	gamepad	02	008	gamepad	2
subcortex_THA	26.37683091767192	14	gamepad	02	008	gamepad	2
cerebellum	35.601562536452555	88	gamepad	03	003	gamepad	1
cortex_Cont	47.98751552209804	128	gamepad	03	003	gamepad	1
cortex_Default	44.640518610944476	209	gamepad	03	003	gamepad	1
cortex_DorsAttn	50.54444729678672	122	gamepad	03	003	gamepad	1
cortex_Limbic	22.389440365062878	60	gamepad	03	003	gamepad	1
cortex_SalVentAttn	46.2371288750411	121	gamepad	03	003	gamepad	1
cortex_SomMot	46.811959603600364	194	gamepad	03	003	gamepad	1
cortex_Vis	44.378212128120275	162	gamepad	03	003	gamepad	1
subcortex_CAU	28.696080435055713	8	gamepad	03	003	gamepad	1
subcortex_PUT	28.631702103967914	8	gamepad	03	003	gamepad	1
subcortex_THA	28.634359816430653	14	gamepad	03	003	gamepad	1
cerebellum	35.56984542383136	88	gamepad	03	003	gamepad	2
cortex_Cont	50.135430832483706	128	gamepad	03	003	gamepad	2
cortex_Default	46.749397353323374	209	gamepad	03	003	gamepad	2
cortex_DorsAttn	52.690249705559275	122	gamepad	03	003	gamepad	2
cortex_Limbic	23.539740396058583	60	gamepad	03	003	gamepad	2
cortex_SalVentAttn	48.664397727629	121	gamepad	03	003	gamepad	2
cortex_SomMot	50.83431080853161	194	gamepad	03	003	gamepad	2
cortex_Vis	45.041141381919914	162	gamepad	03	003	gamepad	2
subcortex_CAU	29.10499460600207	8	gamepad	03	003	gamepad	2
subcortex_PUT	28.646729129784777	8	gamepad	03	003	gamepad	2
subcortex_THA	29.03944551831401	14	gamepad	03	003	gamepad	2
cerebellum	37.865132471488785	88	gamepad	03	005	gamepad	1
cortex_Cont	49.81183074566444	128	gamepad	03	005	gamepad	1
cortex_Default	46.302148736952546	209	gamepad	03	005	gamepad	1
cortex_DorsAttn	52.75814349360915	122	gamepad	03	005	gamepad	1
cortex_Limbic	23.81900111857181	60	gamepad	03	005	gamepad	1
cortex_SalVentAttn	47.745082681972775	121	gamepad	03	005	gamepad	1
cortex_SomMot	50.93757623298162	194	gamepad	03	005	gamepad	1
cortex_Vis	45.03728252667208	162	gamepad	03	005	gamepad	1
subcortex_CAU	27.27461917485267	8	gamepad	03	005	gamepad	1
subcortex_PUT	28.192482010581966	8	gamepad	03	005	gamepad	1
subcortex_THA	29.233109785465626	14	gamepad	03	005	gamepad	1
cerebellum	37.00433518714029	88	gamepad	03	005	gamepad	2
cortex_Cont	44.90655072409946	128	gamepad	03	005	gamepad	2
cortex_Default	42.40972492503337	209	gamepad	03	005	gamepad	2
cortex_DorsAttn	48.96432518516906	122	gamepad	03	005	gamepad	2
cortex_Limbic	21.29146305452514	60	gamepad	03	005	gamepad	2
cortex_SalVentAttn	43.87879280037335	121	gamepad	03	005	gamepad	2
cortex_SomMot	46.16425469707083	194	gamepad	03	005	gamepad	2
cortex_Vis	44.022470659350084	162	gamepad	03	005	gamepad	2
subcortex_CAU	25.65002949428392	8	gamepad	03	005	gamepad	2
subcortex_PUT	27.41212839096086	8	gamepad	03	005	gamepad	2
subcortex_THA	28.655195031103496	14	gamepad	03	005	gamepad	2
cerebellum	34.88294265676509	88	gamepad	03	008	gamepad	1
cortex_Cont	43.87814185295092	128	gamepad	03	008	gamepad	1
cortex_Default	41.41880240126316	209	gamepad	03	008	gamepad	1
cortex_DorsAttn	48.38076345452957	122	gamepad	03	008	gamepad	1
cortex_Limbic	20.147914215764654	60	gamepad	03	008	gamepad	1
cortex_SalVentAttn	43.88114085366635	121	gamepad	03	008	gamepad	1
cortex_SomMot	43.63380928305516	194	gamepad	03	008	gamepad	1
cortex_Vis	42.940682293154985	162	gamepad	03	008	gamepad	1
subcortex_CAU	28.891346133878464	8	gamepad	03	008	gamepad	1
subcortex_PUT	29.07609323702224	8	gamepad	03	008	gamepad	1
subcortex_THA	28.409156049385093	14	gamepad	03	008	gamepad	1
cerebellum	33.135464190844104	88	gamepad	03	008	gamepad	2
cortex_Cont	43.59977162580406	128	gamepad	03	008	gamepad	2
cortex_Default	40.918755113222744	209	gamepad	03	008	gamepad	2
cortex_DorsAttn	48.0881033061578	122	gamepad	03	008	gamepad	2
cortex_Limbic	20.494796593371507	60	gamepad	03	008	gamepad	2
cortex_SalVentAttn	43.370908476123155	121	gamepad	03	008	gamepad	2
cortex_SomMot	43.90638687977842	194	gamepad	03	008	gamepad	2
cortex_Vis	40.80145233601047	162	gamepad	03	008	gamepad	2
subcortex_CAU	28.64307001563222	8	gamepad	03	008	gamepad	2
subcortex_PUT	28.32192367992864	8	gamepad	03	008	gamepad	2
subcortex_THA	27.9170841672081	14	gamepad	03	008	gamepad	2
cerebellum	36.486182973216444	88	gamepad	03	010	gamepad	1
cortex_Cont	47.87088666262561	128	gamepad	03	010	gamepad	1
cortex_Default	44.92893441045847	209	gamepad	03	010	gamepad	1
cortex_DorsAttn	52.94392305663222	122	gamepad	03	010	gamepad	1
cortex_Limbic	22.130954895173133	60	gamepad	03	010	gamepad	1
cortex_SalVentAttn	45.690055145475654	121	gamepad	03	010	gamepad	1
cortex_SomMot	47.325522320533686	194	gamepad	03	010	gamepad	1
cortex_Vis	46.34163209800724	162	gamepad	03	010	gamepad	1
subcortex_CAU	27.160554094576714	8	gamepad	03	010	gamepad	1
subcortex_PUT	28.823944828223496	8	gamepad	03	010	gamepad	1
subcortex_THA	28.098979849291275	14	gamepad	03	010	gamepad	1
cerebellum	31.430371318077928	88	gamepad	03	010	gamepad	2
cortex_Cont	40.80288643783738	128	gamepad	03	010	gamepad	2
cortex_Default	39.92075712492068	209	gamepad	03	010	gamepad	2
cortex_DorsAttn	46.182273049619795	122	gamepad	03	010	gamepad	2
cortex_Limbic	18.59435870408954	60	gamepad	03	010	gamepad	2
cortex_SalVentAttn	42.03986265807357	121	gamepad	03	010	gamepad	2
cortex_SomMot	42.6223457861819	194	gamepad	03	010	gamepad	2
cortex_Vis	37.914598201289415	162	gamepad	03	010	gamepad	2
subcortex_CAU	27.464843450805272	8	gamepad	03	010	gamepad	2
subcortex_PUT	28.6483987893077	8	gamepad	03	010	gamepad	2
subcortex_THA	27.69971846914931	14	gamepad	03	010	gamepad	2
cerebellum	25.630429534993105	88	gamepad	06	002	gamepad	1
cortex_Cont	35.13459809433931	128	gamepad	06	002	gamepad	1
cortex_Default	33.82292820238266	209	gamepad	06	002	gamepad	1
cortex_DorsAttn	39.00895175334623	122	gamepad	06	002	gamepad	1
cortex_Limbic	17.038955022724203	60	gamepad	06	002	gamepad	1
cortex_SalVentAttn	37.99814276723875	121	gamepad	06	002	gamepad	1
cortex_SomMot	38.33792978671267	194	gamepad	06	002	gamepad	1
cortex_Vis	26.922605462968146	162	gamepad	06	002	gamepad	1
subcortex_CAU	29.219243236393496	8	gamepad	06	002	gamepad	1
subcortex_PUT	29.288585234845925	8	gamepad	06	002	gamepad	1
subcortex_THA	27.13795833338711	14	gamepad	06	002	gamepad	1
cerebellum	20.332812417947334	88	gamepad	06	002	gamepad	2
cortex_Cont	32.14925709701512	128	gamepad	06	002	gamepad	2
cortex_Default	32.17452989563617	209	gamepad	06	002	gamepad	2
cortex_DorsAttn	35.093198990068885	122	gamepad	06	002	gamepad	2
cortex_Limbic	16.215034669001415	60	gamepad	06	002	gamepad	2
cortex_SalVentAttn	34.591005464363526	121	gamepad	06	002	gamepad	2
cortex_SomMot	33.96685736929235	194	gamepad	06	002	gamepad	2
cortex_Vis	25.258049813843346	162	gamepad	06	002	gamepad	2
subcortex_CAU	24.775579139495854	8	gamepad	06	002	gamepad	2
subcortex_PUT	26.064221039450825	8	gamepad	06	002	gamepad	2
subcortex_THA	26.568735470742702	14	gamepad	06	002	gamepad	2
cerebellum	24.67795723594453	88	gamepad	06	003	gamepad	1
cortex_Cont	31.39839935016301	128	gamepad	06	003	gamepad	1
cortex_Default	30.04057366119203	209	gamepad	06	003	gamepad	1
cortex_DorsAttn	33.92049302550548	122	gamepad	06	003	gamepad	1
cortex_Limbic	14.862899740788645	60	gamepad	06	003	gamepad	1
cortex_SalVentAttn	33.6982036191246	121	gamepad	06	003	gamepad	1
cortex_SomMot	32.74329869045739	194	gamepad	06	003	gamepad	1
cortex_Vis	25.02768850063485	162	gamepad	06	003	gamepad	1
subcortex_CAU	30.010622301751653	8	gamepad	06	003	gamepad	1
subcortex_PUT	28.420111006769975	8	gamepad	06	003	gamepad	1
subcortex_THA	25.777913301825745	14	gamepad	06	003	gamepad	1
cerebellum	23.330929038629655	88	gamepad	06	003	gamepad	2
cortex_Cont	31.78584406193058	128	gamepad	06	003	gamepad	2
cortex_Default	32.08134712603479	209	gamepad	06	003	gamepad	2
cortex_DorsAttn	35.801350936834254	122	gamepad	06	003	gamepad	2
cortex_Limbic	17.002305305964498	60	gamepad	06	003	gamepad	2
cortex_SalVentAttn	34.39725236066548	121	gamepad	06	003	gamepad	2
cortex_SomMot	33.59981391362545	194	gamepad	06	003	gamepad	2
cortex_Vis	32.16855168462131	162	gamepad	06	003	gamepad	2
subcortex_CAU	26.131690961138055	8	gamepad	06	003	gamepad	2
subcortex_PUT	27.748476291301703	8	gamepad	06	003	gamepad	2
subcortex_THA	26.855955993056366	14	gamepad	06	003	gamepad	2
cerebellum	23.173843612420264	88	gamepad	06	006	gamepad	1
cortex_Cont	28.253497904893628	128	gamepad	06	006	gamepad	1
cortex_Default	28.760138574907632	209	gamepad	06	006	gamepad	1
cortex_DorsAttn	33.38849269184726	122	gamepad	06	006	gamepad	1
cortex_Limbic	14.402419673655222	60	gamepad	06	006	gamepad	1
cortex_SalVentAttn	31.8670839742144	121	gamepad	06	006	gamepad	1
cortex_SomMot	31.77213204378846	194	gamepad	06	006	gamepad	1
cortex_Vis	24.927100933659247	162	gamepad	06	006	gamepad	1
subcortex_CAU	28.149699561350626	8	gamepad	06	006	gamepad	1
subcortex_PUT	27.342025329683523	8	gamepad	06	006	gamepad	1
subcortex_THA	25.736269851327535	14	gamepad	06	006	gamepad	1
cerebellum	24.401328855269117	88	gamepad	06	006	gamepad	2
cortex_Cont	30.43603372468871	128	gamepad	06	006	gamepad	2
cortex_Default	30.754814402093515	209	gamepad	06	006	gamepad	2
cortex_DorsAttn	35.66551046221932	122	gamepad	06	006	gamepad	2
cortex_Limbic	13.77239200763696	60	gamepad	06	006	gamepad	2
cortex_SalVentAttn	33.43779522564685	121	gamepad	06	006	gamepad	2
cortex_SomMot	33.330967326515285	194	gamepad	06	006	gamepad	2
cortex_Vis	27.109407305520204	162	gamepad	06	006	gamepad	2
subcortex_CAU	27.85368575374699	8	gamepad	06	006	gamepad	2
subcortex_PUT	27.819441228387078	8	gamepad	06	006	gamepad	2
subcortex_THA	26.892158584251746	14	gamepad	06	006	gamepad	2
cerebellum	24.573609268734582	88	gamepad	06	007	gamepad	1
cortex_Cont	27.970124718882705	128	gamepad	06	007	gamepad	1
cortex_Default	28.540252092291876	209	gamepad	06	007	gamepad	1
cortex_DorsAttn	32.95777494330556	122	gamepad	06	007	gamepad	1
cortex_Limbic	14.67989638899279	60	gamepad	06	007	gamepad	1
cortex_SalVentAttn	32.88130195277003	121	gamepad	06	007	gamepad	1
cortex_SomMot	32.63238865194082	194	gamepad	06	007	gamepad	1
cortex_Vis	25.932602209886642	162	gamepad	06	007	gamepad	1
subcortex_CAU	27.106204684932898	8	gamepad	06	007	gamepad	1
subcortex_PUT	28.117693909680316	8	gamepad	06	007	gamepad	1
subcortex_THA	26.112707600885567	14	gamepad	06	007	gamepad	1
cerebellum	28.66237966194994	88	gamepad	06	007	gamepad	2
cortex_Cont	36.010852783998835	128	gamepad	06	007	gamepad	2
cortex_Default	35.38604880210528	209	gamepad	06	007	gamepad	2
cortex_DorsAttn	40.67277228804464	122	gamepad	06	007	gamepad	2
cortex_Limbic	17.270035066765104	60	gamepad	06	007	gamepad	2
cortex_SalVentAttn	37.8290689688704	121	gamepad	06	007	gamepad	2
cortex_SomMot	38.03294532730372	194	gamepad	06	007	gamepad	2
cortex_Vis	34.42446247419306	162	gamepad	06	007	gamepad	2
subcortex_CAU	25.05704433768033	8	gamepad	06	007	gamepad	2
subcortex_PUT	26.30397834872941	8	gamepad	06	007	gamepad	2
subcortex_THA	27.616024360712846	14	gamepad	06	007	gamepad	2
